company,date,outlet,title,url,sentiment
Cerebras,2026-07-25,Pulse 2.0,CrowdStrike And Cerebras Partner To Power Falcon AIDR,https://news.google.com/rss/articles/CBMifkFVX3lxTFBYYmJlWFhTSFZIYXlwSFluY1RsVjFZTEpDLWxGNGZGLTdrcE5sQVk3MnhQcGM4MHZTNW5WWDNKaXhmSFNtRlZkMWN4T0liYlJLZ2xJSl9iVzlFZEFmRHdIeG1yeHBFMUJ3VnJWMlVjbGtPQmY1TjRTNk5pQmtpd9IBgwFBVV95cUxPWFdiS28wajFCekl1TlFBUGNicHV4ODgyNGxFYjZjemVRR2x0RHo5ZGZQTjNyZ2NBM3Y3ZlFtMGFhbU9PX2hEckdsTjQ2TmFqU1ZOcS1INTdXM1R1XzFDcVFXbDZHSjdzQWEzZFJTWjZrTXRJaHJfTWJGQUNCT0Y2YjNTaw?oc=5,positive
Cerebras,2026-07-23,CNBC,Cerebras stock gains on AMD partnership,https://news.google.com/rss/articles/CBMiggFBVV95cUxObEM2aTF2dXBpd2kyT1lUa1FGcFhDQTFwTmk5cWJKeFMzS3lvNVJXdGlyNFZ2Y2pBRkV6LXkxenlWUnA1YkhxZ2tWa002dmF4MTNzUWJ3dXZzZHBHa1BPb1hvOGJ1UkpmcGN0Wm1PVEY0NnEydVRybm1BZGJFTUkyVlJn0gGHAUFVX3lxTE01eUVVZUVGbWtBeTdlZ0MtVTBKTlNtVXRqaUVHZlc3aU11SllqVVlhVGNLZ2xWWlNNYWh6UmVhSjVlRDVzSHdXdmxLb0gtamlKdjB6SE02WXdFUkRXSVUwTWkzOXNIYjhnOGVCVkF1WHVsYzdSc0tVMkd1T0ZMWWNkZGNUZ2MwNA?oc=5,positive
Cerebras,2026-07-23,The Register,AMD and Cerebras join forces against Nvidia’s Groq LPUs,https://news.google.com/rss/articles/CBMirgFBVV95cUxNZGdXa3hKX012VDNsdTZaU29ReXNMcTcxWUVSb1ZwaWdZd1Z5UHdoa0RIc0pKQl84NW9sb2NTWUpRWEkyZWRJOThWa2E2aXlMNmpZOG53am15WFk3ekpEemdvaUkxQ3MtaTJUWlEyUXMyM3ZLVk55dXRSSUgxalNfdzNpZzBfWV9iMWRqZUI5NXl4aklwdTNiM0xkaDRMMEtDMm0wRkg3STQ0RENURHc?oc=5,positive
Cerebras,2026-07-23,Wccftech,"AMD Fires Back At NVIDIA’s Groq Bet, Fuses The Cerebras Wafer-Scale Engine With Helios For 5x Higher Tokens Per Second Per Watt",https://news.google.com/rss/articles/CBMi4AFBVV95cUxPeVU5S04wUHdkX0szVWpmazFXUEVFRUJJNFJLMllyc3BsbmIxUkJUeVhYV25NNmZVTUNoVlpYcGMweTFmN0lucGJQalZYZWpkd1lJZ3BaaHBNemdBUldWMzVDd05OdDd1Rm56UXNqbmpOcF9zMTRFME5xYmRkcVZaOXFwNk02NVFSTFhGOFV4ZEl1WDhURGtQUWZIM3BhS21ON2w1VXMyTUV4Zk1BdTgtNWdQOFgxYTR3QWZKRFl3MHVqazJNN192cWNOckJkZFhhTF96d2FjZFVYcmlFX2QycdIB5gFBVV95cUxOaWFaUnBra1k3VmZETDV6TmdDWXo0dWljV2lNRW4zSzE4aDhyLVpzQkFjR1FsT0Z6MnhFMU01NnNwaFhiaUIwSlV1SjdFaVhNa0VWVkhsUVE0eFc3Q1ZvZ0Zpc1RhSlpzbkNmZGlSdG5JbUl5V04wOVFRVV9CR3h6aWh4ckRMTlRPSUEyOXBYMEVLVmlzQ2RfWkVsMlBDWlBaWnlSVi12Uzl2anpRWjFuNWowTWV4T1U2QVVJWnUzRk5vajNuNEZjblVYMU1hZjl5UUxzdnhPQTZXS0hLT0xiaFJJMDZXZw?oc=5,positive
Cerebras,2026-07-23,Data Center Dynamics,AMD partners with big chip co. Cerebras for ultra-low-latency and high throughput AI inference system,https://news.google.com/rss/articles/CBMi3AFBVV95cUxQYUFvWGtYckstSTRmTjF3Vi1EU3JHX3BjcHY4UThLbV9lMVZqbDRHYlgyZ1FJd2N6d3psWlZ3bjV1MVpoNmhLRVgzYmt5WHQ2bWR4aks2UGtidXpvdzVUeTNvLUpxaW5SY01rYVU5VlZ6c2didlRSdTNNY0lrYjJTeEt6VEtyZktQVmowTXVMQUNmY09JSGkxZWR4YVU0WnhadGVYem15dHp2RTZzc2dTbTdxT1ZsQk5ubVBmNnNKaTg4Q3RiaWc1cWIzWFZSdXVEcURmRGNVeUt6Z0hX?oc=5,positive
Cerebras,2026-07-22,Investing.com,Cerebras stock jumps 6% on CrowdStrike partnership,https://news.google.com/rss/articles/CBMisAFBVV95cUxOaHIzd0MtMXQ3bV9LQ1JrOEpJMUFnVV9sd0NUcFQza3VqbHFtY1pzWUJ4bXpsZXA4YnhzRE83dXAzb2xZdGNzQ295X0pwZFg2a0JfUVVOM0N4Rk5YSVFuVHpDaGEySE5FeWYzaTRjdk50WUM4bFpPckpBVk1VTER6UVZCY3I2QldUMmRrei1nbUFGOTdZVFA3UkxPRE84T0owVU85dG0xTXN2N19neVlhdQ?oc=5,positive
Innoviz,2026-07-29,Techtime,אינוויז שוב מגייסת בדיסקאונט – ושוב מפילה את המניה,https://news.google.com/rss/articles/CBMiWEFVX3lxTE5sWXVoSTFoQkF6OXhLN3RMNGRtZGJjRXZ5V1BlUU14SGtnT2hGSHdUd3lwWTBjT2hVbEpaaFhuTzZXV2xObXhKWHhfSkxCNGRxb1hKcXZZMzU?oc=5,negative
Innoviz,2026-07-29,ספונסר,מחיר הדילול: מפתחת חיישני ה-LiDAR אינוויז צללה בעקבות גיוס הון,https://news.google.com/rss/articles/CBMiZkFVX3lxTE5MVmxqUmxjekFQc3R0NElkamF6SVlkZEFpTGROeHoyV2xDYXBxeTlpZXRlcXhua0oxVkVHNF91U09veXUwWXpWdDVNd3RDcWo1WVRUUzhxWFNYeXZJb1Vud2RTMkRXdw?oc=5,neutral
Innoviz,2026-07-28,Benzinga,Why Is Innoviz Technologies Stock Falling Tuesday?,https://news.google.com/rss/articles/CBMirwFBVV95cUxQamdWTlppLXBkbk5QTmpoR29IRmVtbzI5Z2gyZTlGdE9uczIxRG9RNzEzWlE2M000Z0J5bEh2SU1GMmlTYUhZamREYzMzNTV6VDFzNHA4eGg5aDB3RlhoNUtKdWRBS2VRZGl3UnZhUF9NcFV1RFpkWVZtd3pkRTF1dW9MRUM1R0k3X1NDTkZwT19oOFVjSXJRNzd5R29SbEgtSmx5Q1hfSzI1OUxpazZ3?oc=5,negative
Innoviz,2026-07-28,Investing.com,Innoviz Technologies stock tumbles 30% on share offering,https://news.google.com/rss/articles/CBMiuAFBVV95cUxNVF9tcUVydG9Hb3dTRXZpWmVsdXBaR2w0SHlNM19aQW5FSlZCdzFkNlJXUXA1VlptR2YzSHFOVklIZU1ac1YzM0JvdDBMeXdrbVNLNXpmMGt2UUh1d1hQeExIc21OUDdoMXduV2t4VFV6SFEzMDAxVTA2YWk2S2Nib3d0dkg3eGY3U2tncDB4bHpqcmlBbVNXNWtIdkhNSGJvRGpadWNIVFdwY3J6SFR4UWx4MFhNMEZy?oc=5,negative
Innoviz,2026-07-28,Investing.com,מניית Innoviz Technologies צונחת 30% בעקבות הנפקת מניות מאת Investing.com,https://news.google.com/rss/articles/CBMidkFVX3lxTE9tdHpQWnNzaVhvbnlFTkN0NWo1V3ViY05iVlpmZExNTXo0NTZQV3ZjVmJLWXg2eGNhU0hwM1QzVXAwU3Y2Znhoc3E5OUxHSzZIVU9vRGM5RlJESmEwdHBUNkc3QllScHpCNmhmWGdQb2xOYXl5bXc?oc=5,negative
Innoviz,2026-07-28,Investing.com,Innoviz מתמחרת הנפקה פרטית רשומה של $30 מיליון מאת Investing.com,https://news.google.com/rss/articles/CBMib0FVX3lxTFBuWmlvVExRMU0wUnNEeHUzaVBRd3RvNDN6VGFWaHBuREpTV2s1R3E4Rlk4NkZ2aWRabHcyNnFERENJdEtaMHVUYXhhZUprLWxaNV80SU9nRlFlanBzZVJUY1FNdDRjWWhTSTM5WE5oRQ?oc=5,positive
Innoviz,2026-07-28,ביזפורטל,מניות אינוויז צונחות ב-30%: מגייסת 30 מיליון דולר בדיסקאונט חד,https://news.google.com/rss/articles/CBMicEFVX3lxTE9BZ2l2YmVEU1ZPZzEtTjVidTJnXzN3WHhOS1ByVzY2Ukd5eUkxNmxUYnFqaThjVE1sQVo4V1Zsck9TZVRXU1g2a1VYVmdBYWFXc3pDWldXY3pKUS1lYVNkVkVRdmhkWXZHTTg3d1NPbjc?oc=5,negative
